time,RyRO
40,0.01302
60,0.25537
80,2.32
100,5.79
120,5.91
140,6.25
160,7.02
